{
  "timestamp": "2026-06-21T20:15:15.273668+00:00",
  "config": {
    "embed_dim": 128,
    "num_epochs": 200
  },
  "overall_mean_score": 0.37239126771651404,
  "scores": {
    "HUMESICK-R": 0.4384955455520022,
    "HUMESTS12": 0.2310765124890152,
    "STS12": 0.22987105382842346,
    "STS13": 0.5011484449417871,
    "STS14": 0.4352473624997638,
    "STS15": 0.483910045026352,
    "STS16": 0.5229928374131038,
    "BIOSSES": 0.2893439422955999,
    "HUMESTSBenchmark": 0.2171511007477515,
    "STSBenchmark": 0.31007103890700094,
    "SICK-R": 0.4369960611808552
  }
}