{
  "timestamp": "2026-06-18T01:45:00.860455+00:00",
  "config": {
    "embed_dim": 128,
    "num_epochs": 200
  },
  "overall_mean_score": 0.3531602158850384,
  "scores": {
    "HUMESICK-R": 0.4195203741292292,
    "HUMESTS12": 0.2443976766845318,
    "STS12": 0.21509194241975874,
    "STS13": 0.5095329193778912,
    "STS14": 0.43395480576939105,
    "STS15": 0.47680165004431546,
    "STS16": 0.5208933526839656,
    "BIOSSES": 0.29394645680556947,
    "HUMESTSBenchmark": 0.19026572636945846,
    "STSBenchmark": 0.3069097242716239,
    "SICK-R": 0.43824233607797064,
    "HUMESTS22": 0.6387457619810343,
    "IndicCrosslingualSTS": 0.027631721657918194,
    "STS17": 0.13343702490036308,
    "STS22.v2": 0.2447943314612117,
    "STSBenchmarkMultilingualSTS": 0.3667121816999584,
    "SemRel24STS": 0.5428456837114612
  }
}